Method,Job,AnalyzeLaunchVariance,EvaluateOverhead,MaxAbsoluteError,MaxRelativeError,MinInvokeCount,MinIterationTime,OutlierMode,Affinity,EnvironmentVariables,Jit,LargeAddressAware,Platform,PowerPlanMode,Runtime,AllowVeryLargeObjects,Concurrent,CpuGroups,Force,HeapAffinitizeMask,HeapCount,NoAffinitize,RetainVm,Server,Arguments,BuildConfiguration,Clock,EngineFactory,NuGetReferences,Toolchain,IsMutator,InvocationCount,IterationCount,IterationTime,LaunchCount,MaxIterationCount,MaxWarmupIterationCount,MemoryRandomization,MinIterationCount,MinWarmupIterationCount,RunStrategy,UnrollFactor,WarmupCount,HitCount,Mean,Error,StdDev,Ratio,RatioSD,Gen0,Allocated,Alloc Ratio
'Current — facet scan all N ordinals',Job-FFBIFZ,False,Default,Default,Default,Default,Default,Default,1111,Empty,RyuJit,Default,Arm64,8c5e7fda-e8bf-4a96-9a85-a6e23a8c635c,.NET 10.0,False,True,False,True,Default,Default,False,False,False,Default,Default,Default,Default,Default,InProcessNoEmitToolchain,Default,Default,3,Default,Default,Default,Default,Default,Default,Default,Default,16,1,0,10.683 μs,6.529 μs,0.3579 μs,1.00,0.04,0.0763,160 B,1.00
'Facet on K — intersect second bitset (conservative prototype)',Job-FFBIFZ,False,Default,Default,Default,Default,Default,Default,1111,Empty,RyuJit,Default,Arm64,8c5e7fda-e8bf-4a96-9a85-a6e23a8c635c,.NET 10.0,False,True,False,True,Default,Default,False,False,False,Default,Default,Default,Default,Default,InProcessNoEmitToolchain,Default,Default,3,Default,Default,Default,Default,Default,Default,Default,Default,16,1,0,6.275 μs,1.213 μs,0.0665 μs,0.59,0.02,0.0763,160 B,1.00
'Facet on K — clear + re-add matches (tighter prototype)',Job-FFBIFZ,False,Default,Default,Default,Default,Default,Default,1111,Empty,RyuJit,Default,Arm64,8c5e7fda-e8bf-4a96-9a85-a6e23a8c635c,.NET 10.0,False,True,False,True,Default,Default,False,False,False,Default,Default,Default,Default,Default,InProcessNoEmitToolchain,Default,Default,3,Default,Default,Default,Default,Default,Default,Default,Default,16,1,0,6.279 μs,4.336 μs,0.2377 μs,0.59,0.03,0.0763,160 B,1.00
'Current — facet scan all N ordinals',Job-FFBIFZ,False,Default,Default,Default,Default,Default,Default,1111,Empty,RyuJit,Default,Arm64,8c5e7fda-e8bf-4a96-9a85-a6e23a8c635c,.NET 10.0,False,True,False,True,Default,Default,False,False,False,Default,Default,Default,Default,Default,InProcessNoEmitToolchain,Default,Default,3,Default,Default,Default,Default,Default,Default,Default,Default,16,1,1,11.279 μs,4.481 μs,0.2456 μs,1.00,0.03,0.1068,240 B,1.00
'Facet on K — intersect second bitset (conservative prototype)',Job-FFBIFZ,False,Default,Default,Default,Default,Default,Default,1111,Empty,RyuJit,Default,Arm64,8c5e7fda-e8bf-4a96-9a85-a6e23a8c635c,.NET 10.0,False,True,False,True,Default,Default,False,False,False,Default,Default,Default,Default,Default,InProcessNoEmitToolchain,Default,Default,3,Default,Default,Default,Default,Default,Default,Default,Default,16,1,1,6.858 μs,4.852 μs,0.2660 μs,0.61,0.02,0.1297,272 B,1.13
'Facet on K — clear + re-add matches (tighter prototype)',Job-FFBIFZ,False,Default,Default,Default,Default,Default,Default,1111,Empty,RyuJit,Default,Arm64,8c5e7fda-e8bf-4a96-9a85-a6e23a8c635c,.NET 10.0,False,True,False,True,Default,Default,False,False,False,Default,Default,Default,Default,Default,InProcessNoEmitToolchain,Default,Default,3,Default,Default,Default,Default,Default,Default,Default,Default,16,1,1,6.138 μs,2.258 μs,0.1238 μs,0.54,0.01,0.1144,240 B,1.00
'Current — facet scan all N ordinals',Job-FFBIFZ,False,Default,Default,Default,Default,Default,Default,1111,Empty,RyuJit,Default,Arm64,8c5e7fda-e8bf-4a96-9a85-a6e23a8c635c,.NET 10.0,False,True,False,True,Default,Default,False,False,False,Default,Default,Default,Default,Default,InProcessNoEmitToolchain,Default,Default,3,Default,Default,Default,Default,Default,Default,Default,Default,16,1,10,11.947 μs,3.552 μs,0.1947 μs,1.00,0.02,0.1068,240 B,1.00
'Facet on K — intersect second bitset (conservative prototype)',Job-FFBIFZ,False,Default,Default,Default,Default,Default,Default,1111,Empty,RyuJit,Default,Arm64,8c5e7fda-e8bf-4a96-9a85-a6e23a8c635c,.NET 10.0,False,True,False,True,Default,Default,False,False,False,Default,Default,Default,Default,Default,InProcessNoEmitToolchain,Default,Default,3,Default,Default,Default,Default,Default,Default,Default,Default,16,1,10,6.902 μs,4.464 μs,0.2447 μs,0.58,0.02,0.1297,272 B,1.13
'Facet on K — clear + re-add matches (tighter prototype)',Job-FFBIFZ,False,Default,Default,Default,Default,Default,Default,1111,Empty,RyuJit,Default,Arm64,8c5e7fda-e8bf-4a96-9a85-a6e23a8c635c,.NET 10.0,False,True,False,True,Default,Default,False,False,False,Default,Default,Default,Default,Default,InProcessNoEmitToolchain,Default,Default,3,Default,Default,Default,Default,Default,Default,Default,Default,16,1,10,6.411 μs,3.158 μs,0.1731 μs,0.54,0.01,0.1144,240 B,1.00
'Current — facet scan all N ordinals',Job-FFBIFZ,False,Default,Default,Default,Default,Default,Default,1111,Empty,RyuJit,Default,Arm64,8c5e7fda-e8bf-4a96-9a85-a6e23a8c635c,.NET 10.0,False,True,False,True,Default,Default,False,False,False,Default,Default,Default,Default,Default,InProcessNoEmitToolchain,Default,Default,3,Default,Default,Default,Default,Default,Default,Default,Default,16,1,100,11.556 μs,6.578 μs,0.3605 μs,1.00,0.04,0.1068,240 B,1.00
'Facet on K — intersect second bitset (conservative prototype)',Job-FFBIFZ,False,Default,Default,Default,Default,Default,Default,1111,Empty,RyuJit,Default,Arm64,8c5e7fda-e8bf-4a96-9a85-a6e23a8c635c,.NET 10.0,False,True,False,True,Default,Default,False,False,False,Default,Default,Default,Default,Default,InProcessNoEmitToolchain,Default,Default,3,Default,Default,Default,Default,Default,Default,Default,Default,16,1,100,7.654 μs,2.927 μs,0.1604 μs,0.66,0.02,0.1221,272 B,1.13
'Facet on K — clear + re-add matches (tighter prototype)',Job-FFBIFZ,False,Default,Default,Default,Default,Default,Default,1111,Empty,RyuJit,Default,Arm64,8c5e7fda-e8bf-4a96-9a85-a6e23a8c635c,.NET 10.0,False,True,False,True,Default,Default,False,False,False,Default,Default,Default,Default,Default,InProcessNoEmitToolchain,Default,Default,3,Default,Default,Default,Default,Default,Default,Default,Default,16,1,100,7.988 μs,1.966 μs,0.1078 μs,0.69,0.02,0.1144,240 B,1.00
'Current — facet scan all N ordinals',Job-FFBIFZ,False,Default,Default,Default,Default,Default,Default,1111,Empty,RyuJit,Default,Arm64,8c5e7fda-e8bf-4a96-9a85-a6e23a8c635c,.NET 10.0,False,True,False,True,Default,Default,False,False,False,Default,Default,Default,Default,Default,InProcessNoEmitToolchain,Default,Default,3,Default,Default,Default,Default,Default,Default,Default,Default,16,1,1000,16.908 μs,8.049 μs,0.4412 μs,1.00,0.03,0.0916,240 B,1.00
'Facet on K — intersect second bitset (conservative prototype)',Job-FFBIFZ,False,Default,Default,Default,Default,Default,Default,1111,Empty,RyuJit,Default,Arm64,8c5e7fda-e8bf-4a96-9a85-a6e23a8c635c,.NET 10.0,False,True,False,True,Default,Default,False,False,False,Default,Default,Default,Default,Default,InProcessNoEmitToolchain,Default,Default,3,Default,Default,Default,Default,Default,Default,Default,Default,16,1,1000,12.848 μs,3.929 μs,0.2154 μs,0.76,0.02,0.1221,272 B,1.13
'Facet on K — clear + re-add matches (tighter prototype)',Job-FFBIFZ,False,Default,Default,Default,Default,Default,Default,1111,Empty,RyuJit,Default,Arm64,8c5e7fda-e8bf-4a96-9a85-a6e23a8c635c,.NET 10.0,False,True,False,True,Default,Default,False,False,False,Default,Default,Default,Default,Default,InProcessNoEmitToolchain,Default,Default,3,Default,Default,Default,Default,Default,Default,Default,Default,16,1,1000,12.941 μs,18.672 μs,1.0235 μs,0.77,0.06,0.1068,240 B,1.00
'Current — facet scan all N ordinals',Job-FFBIFZ,False,Default,Default,Default,Default,Default,Default,1111,Empty,RyuJit,Default,Arm64,8c5e7fda-e8bf-4a96-9a85-a6e23a8c635c,.NET 10.0,False,True,False,True,Default,Default,False,False,False,Default,Default,Default,Default,Default,InProcessNoEmitToolchain,Default,Default,3,Default,Default,Default,Default,Default,Default,Default,Default,16,1,10000,46.045 μs,117.288 μs,6.4290 μs,1.01,0.17,0.0610,240 B,1.00
'Facet on K — intersect second bitset (conservative prototype)',Job-FFBIFZ,False,Default,Default,Default,Default,Default,Default,1111,Empty,RyuJit,Default,Arm64,8c5e7fda-e8bf-4a96-9a85-a6e23a8c635c,.NET 10.0,False,True,False,True,Default,Default,False,False,False,Default,Default,Default,Default,Default,InProcessNoEmitToolchain,Default,Default,3,Default,Default,Default,Default,Default,Default,Default,Default,16,1,10000,56.751 μs,30.466 μs,1.6699 μs,1.25,0.15,0.1221,272 B,1.13
'Facet on K — clear + re-add matches (tighter prototype)',Job-FFBIFZ,False,Default,Default,Default,Default,Default,Default,1111,Empty,RyuJit,Default,Arm64,8c5e7fda-e8bf-4a96-9a85-a6e23a8c635c,.NET 10.0,False,True,False,True,Default,Default,False,False,False,Default,Default,Default,Default,Default,InProcessNoEmitToolchain,Default,Default,3,Default,Default,Default,Default,Default,Default,Default,Default,16,1,10000,62.432 μs,21.817 μs,1.1959 μs,1.37,0.16,0.0000,241 B,1.00
'Current — facet scan all N ordinals',Job-FFBIFZ,False,Default,Default,Default,Default,Default,Default,1111,Empty,RyuJit,Default,Arm64,8c5e7fda-e8bf-4a96-9a85-a6e23a8c635c,.NET 10.0,False,True,False,True,Default,Default,False,False,False,Default,Default,Default,Default,Default,InProcessNoEmitToolchain,Default,Default,3,Default,Default,Default,Default,Default,Default,Default,Default,16,1,50000,200.178 μs,7.172 μs,0.3931 μs,1.00,0.00,0.0000,240 B,1.00
'Facet on K — intersect second bitset (conservative prototype)',Job-FFBIFZ,False,Default,Default,Default,Default,Default,Default,1111,Empty,RyuJit,Default,Arm64,8c5e7fda-e8bf-4a96-9a85-a6e23a8c635c,.NET 10.0,False,True,False,True,Default,Default,False,False,False,Default,Default,Default,Default,Default,InProcessNoEmitToolchain,Default,Default,3,Default,Default,Default,Default,Default,Default,Default,Default,16,1,50000,241.622 μs,109.391 μs,5.9961 μs,1.21,0.03,0.0000,272 B,1.13
'Facet on K — clear + re-add matches (tighter prototype)',Job-FFBIFZ,False,Default,Default,Default,Default,Default,Default,1111,Empty,RyuJit,Default,Arm64,8c5e7fda-e8bf-4a96-9a85-a6e23a8c635c,.NET 10.0,False,True,False,True,Default,Default,False,False,False,Default,Default,Default,Default,Default,InProcessNoEmitToolchain,Default,Default,3,Default,Default,Default,Default,Default,Default,Default,Default,16,1,50000,209.505 μs,72.089 μs,3.9514 μs,1.05,0.02,0.0000,241 B,1.00
'Current — facet scan all N ordinals',Job-FFBIFZ,False,Default,Default,Default,Default,Default,Default,1111,Empty,RyuJit,Default,Arm64,8c5e7fda-e8bf-4a96-9a85-a6e23a8c635c,.NET 10.0,False,True,False,True,Default,Default,False,False,False,Default,Default,Default,Default,Default,InProcessNoEmitToolchain,Default,Default,3,Default,Default,Default,Default,Default,Default,Default,Default,16,1,100000,342.673 μs,114.460 μs,6.2739 μs,1.00,0.02,0.0000,272 B,1.00
'Facet on K — intersect second bitset (conservative prototype)',Job-FFBIFZ,False,Default,Default,Default,Default,Default,Default,1111,Empty,RyuJit,Default,Arm64,8c5e7fda-e8bf-4a96-9a85-a6e23a8c635c,.NET 10.0,False,True,False,True,Default,Default,False,False,False,Default,Default,Default,Default,Default,InProcessNoEmitToolchain,Default,Default,3,Default,Default,Default,Default,Default,Default,Default,Default,16,1,100000,464.341 μs,65.305 μs,3.5796 μs,1.36,0.02,0.0000,272 B,1.00
'Facet on K — clear + re-add matches (tighter prototype)',Job-FFBIFZ,False,Default,Default,Default,Default,Default,Default,1111,Empty,RyuJit,Default,Arm64,8c5e7fda-e8bf-4a96-9a85-a6e23a8c635c,.NET 10.0,False,True,False,True,Default,Default,False,False,False,Default,Default,Default,Default,Default,InProcessNoEmitToolchain,Default,Default,3,Default,Default,Default,Default,Default,Default,Default,Default,16,1,100000,456.433 μs,142.769 μs,7.8257 μs,1.33,0.03,0.0000,245 B,0.90
