Method,Job,AnalyzeLaunchVariance,EvaluateOverhead,MaxAbsoluteError,MaxRelativeError,MinInvokeCount,MinIterationTime,OutlierMode,Affinity,EnvironmentVariables,Jit,LargeAddressAware,Platform,PowerPlanMode,Runtime,AllowVeryLargeObjects,Concurrent,CpuGroups,Force,HeapAffinitizeMask,HeapCount,NoAffinitize,RetainVm,Server,Arguments,BuildConfiguration,Clock,EngineFactory,NuGetReferences,Toolchain,IsMutator,InvocationCount,IterationCount,IterationTime,LaunchCount,MaxIterationCount,MaxWarmupIterationCount,MemoryRandomization,MinIterationCount,MinWarmupIterationCount,RunStrategy,UnrollFactor,WarmupCount,HitCount,Mean,Error,StdDev,Median,Ratio,RatioSD,Allocated,Alloc Ratio
'Current — full N cold permutation + scan',Job-LRXUOV,False,Default,Default,Default,Default,Default,Default,111111111111,Empty,RyuJit,Default,X64,8c5e7fda-e8bf-4a96-9a85-a6e23a8c635c,.NET 10.0,False,True,False,True,Default,Default,False,False,False,Default,Default,Default,Default,Default,InProcessNoEmitToolchain,Default,1,3,Default,Default,Default,Default,Default,Default,Default,Default,1,1,2000,67.035 ms,484.8217 ms,26.5747 ms,81.322 ms,1.16,0.67,10755.33 KB,1.00
'Sort K — precompute K keys once (production-shaped)',Job-LRXUOV,False,Default,Default,Default,Default,Default,Default,111111111111,Empty,RyuJit,Default,X64,8c5e7fda-e8bf-4a96-9a85-a6e23a8c635c,.NET 10.0,False,True,False,True,Default,Default,False,False,False,Default,Default,Default,Default,Default,InProcessNoEmitToolchain,Default,1,3,Default,Default,Default,Default,Default,Default,Default,Default,1,1,2000,1.208 ms,10.5746 ms,0.5796 ms,1.066 ms,0.02,0.01,332.38 KB,0.03
'Current — full N cold permutation + scan',Job-LRXUOV,False,Default,Default,Default,Default,Default,Default,111111111111,Empty,RyuJit,Default,X64,8c5e7fda-e8bf-4a96-9a85-a6e23a8c635c,.NET 10.0,False,True,False,True,Default,Default,False,False,False,Default,Default,Default,Default,Default,InProcessNoEmitToolchain,Default,1,3,Default,Default,Default,Default,Default,Default,Default,Default,1,1,5000,22.646 ms,11.7065 ms,0.6417 ms,22.737 ms,1.00,0.03,10760.2 KB,1.00
'Sort K — precompute K keys once (production-shaped)',Job-LRXUOV,False,Default,Default,Default,Default,Default,Default,111111111111,Empty,RyuJit,Default,X64,8c5e7fda-e8bf-4a96-9a85-a6e23a8c635c,.NET 10.0,False,True,False,True,Default,Default,False,False,False,Default,Default,Default,Default,Default,InProcessNoEmitToolchain,Default,1,3,Default,Default,Default,Default,Default,Default,Default,Default,1,1,5000,1.429 ms,6.7929 ms,0.3723 ms,1.241 ms,0.06,0.01,824.9 KB,0.08
'Current — full N cold permutation + scan',Job-LRXUOV,False,Default,Default,Default,Default,Default,Default,111111111111,Empty,RyuJit,Default,X64,8c5e7fda-e8bf-4a96-9a85-a6e23a8c635c,.NET 10.0,False,True,False,True,Default,Default,False,False,False,Default,Default,Default,Default,Default,InProcessNoEmitToolchain,Default,1,3,Default,Default,Default,Default,Default,Default,Default,Default,1,1,10000,23.621 ms,16.5745 ms,0.9085 ms,23.348 ms,1.00,0.05,10759.92 KB,1.00
'Sort K — precompute K keys once (production-shaped)',Job-LRXUOV,False,Default,Default,Default,Default,Default,Default,111111111111,Empty,RyuJit,Default,X64,8c5e7fda-e8bf-4a96-9a85-a6e23a8c635c,.NET 10.0,False,True,False,True,Default,Default,False,False,False,Default,Default,Default,Default,Default,InProcessNoEmitToolchain,Default,1,3,Default,Default,Default,Default,Default,Default,Default,Default,1,1,10000,2.813 ms,6.2532 ms,0.3428 ms,2.777 ms,0.12,0.01,1645.2 KB,0.15
'Current — full N cold permutation + scan',Job-LRXUOV,False,Default,Default,Default,Default,Default,Default,111111111111,Empty,RyuJit,Default,X64,8c5e7fda-e8bf-4a96-9a85-a6e23a8c635c,.NET 10.0,False,True,False,True,Default,Default,False,False,False,Default,Default,Default,Default,Default,InProcessNoEmitToolchain,Default,1,3,Default,Default,Default,Default,Default,Default,Default,Default,1,1,15000,22.570 ms,2.5336 ms,0.1389 ms,22.616 ms,1.00,0.01,10760.2 KB,1.00
'Sort K — precompute K keys once (production-shaped)',Job-LRXUOV,False,Default,Default,Default,Default,Default,Default,111111111111,Empty,RyuJit,Default,X64,8c5e7fda-e8bf-4a96-9a85-a6e23a8c635c,.NET 10.0,False,True,False,True,Default,Default,False,False,False,Default,Default,Default,Default,Default,InProcessNoEmitToolchain,Default,1,3,Default,Default,Default,Default,Default,Default,Default,Default,1,1,15000,2.346 ms,0.7013 ms,0.0384 ms,2.361 ms,0.10,0.00,1621.78 KB,0.15
'Current — full N cold permutation + scan',Job-LRXUOV,False,Default,Default,Default,Default,Default,Default,111111111111,Empty,RyuJit,Default,X64,8c5e7fda-e8bf-4a96-9a85-a6e23a8c635c,.NET 10.0,False,True,False,True,Default,Default,False,False,False,Default,Default,Default,Default,Default,InProcessNoEmitToolchain,Default,1,3,Default,Default,Default,Default,Default,Default,Default,Default,1,1,20000,24.794 ms,33.3295 ms,1.8269 ms,25.519 ms,1.00,0.09,10760.2 KB,1.00
'Sort K — precompute K keys once (production-shaped)',Job-LRXUOV,False,Default,Default,Default,Default,Default,Default,111111111111,Empty,RyuJit,Default,X64,8c5e7fda-e8bf-4a96-9a85-a6e23a8c635c,.NET 10.0,False,True,False,True,Default,Default,False,False,False,Default,Default,Default,Default,Default,InProcessNoEmitToolchain,Default,1,3,Default,Default,Default,Default,Default,Default,Default,Default,1,1,20000,3.700 ms,3.7645 ms,0.2063 ms,3.799 ms,0.15,0.01,2139.72 KB,0.20
'Current — full N cold permutation + scan',Job-LRXUOV,False,Default,Default,Default,Default,Default,Default,111111111111,Empty,RyuJit,Default,X64,8c5e7fda-e8bf-4a96-9a85-a6e23a8c635c,.NET 10.0,False,True,False,True,Default,Default,False,False,False,Default,Default,Default,Default,Default,InProcessNoEmitToolchain,Default,1,3,Default,Default,Default,Default,Default,Default,Default,Default,1,1,30000,23.230 ms,17.4401 ms,0.9559 ms,23.134 ms,1.00,0.05,10759.92 KB,1.00
'Sort K — precompute K keys once (production-shaped)',Job-LRXUOV,False,Default,Default,Default,Default,Default,Default,111111111111,Empty,RyuJit,Default,X64,8c5e7fda-e8bf-4a96-9a85-a6e23a8c635c,.NET 10.0,False,True,False,True,Default,Default,False,False,False,Default,Default,Default,Default,Default,InProcessNoEmitToolchain,Default,1,3,Default,Default,Default,Default,Default,Default,Default,Default,1,1,30000,5.370 ms,21.9265 ms,1.2019 ms,4.809 ms,0.23,0.05,2488.97 KB,0.23
'Current — full N cold permutation + scan',Job-LRXUOV,False,Default,Default,Default,Default,Default,Default,111111111111,Empty,RyuJit,Default,X64,8c5e7fda-e8bf-4a96-9a85-a6e23a8c635c,.NET 10.0,False,True,False,True,Default,Default,False,False,False,Default,Default,Default,Default,Default,InProcessNoEmitToolchain,Default,1,3,Default,Default,Default,Default,Default,Default,Default,Default,1,1,40000,29.805 ms,188.4506 ms,10.3296 ms,25.458 ms,1.07,0.43,10759.92 KB,1.00
'Sort K — precompute K keys once (production-shaped)',Job-LRXUOV,False,Default,Default,Default,Default,Default,Default,111111111111,Empty,RyuJit,Default,X64,8c5e7fda-e8bf-4a96-9a85-a6e23a8c635c,.NET 10.0,False,True,False,True,Default,Default,False,False,False,Default,Default,Default,Default,Default,InProcessNoEmitToolchain,Default,1,3,Default,Default,Default,Default,Default,Default,Default,Default,1,1,40000,7.077 ms,14.6684 ms,0.8040 ms,6.668 ms,0.25,0.07,4900.7 KB,0.46
'Current — full N cold permutation + scan',Job-LRXUOV,False,Default,Default,Default,Default,Default,Default,111111111111,Empty,RyuJit,Default,X64,8c5e7fda-e8bf-4a96-9a85-a6e23a8c635c,.NET 10.0,False,True,False,True,Default,Default,False,False,False,Default,Default,Default,Default,Default,InProcessNoEmitToolchain,Default,1,3,Default,Default,Default,Default,Default,Default,Default,Default,1,1,50000,22.301 ms,8.0689 ms,0.4423 ms,22.513 ms,1.00,0.02,10760.2 KB,1.00
'Sort K — precompute K keys once (production-shaped)',Job-LRXUOV,False,Default,Default,Default,Default,Default,Default,111111111111,Empty,RyuJit,Default,X64,8c5e7fda-e8bf-4a96-9a85-a6e23a8c635c,.NET 10.0,False,True,False,True,Default,Default,False,False,False,Default,Default,Default,Default,Default,InProcessNoEmitToolchain,Default,1,3,Default,Default,Default,Default,Default,Default,Default,Default,1,1,50000,8.706 ms,6.4984 ms,0.3562 ms,8.686 ms,0.39,0.02,6124.66 KB,0.57
'Current — full N cold permutation + scan',Job-LRXUOV,False,Default,Default,Default,Default,Default,Default,111111111111,Empty,RyuJit,Default,X64,8c5e7fda-e8bf-4a96-9a85-a6e23a8c635c,.NET 10.0,False,True,False,True,Default,Default,False,False,False,Default,Default,Default,Default,Default,InProcessNoEmitToolchain,Default,1,3,Default,Default,Default,Default,Default,Default,Default,Default,1,1,75000,22.492 ms,10.8991 ms,0.5974 ms,22.353 ms,1.00,0.03,10760.2 KB,1.00
'Sort K — precompute K keys once (production-shaped)',Job-LRXUOV,False,Default,Default,Default,Default,Default,Default,111111111111,Empty,RyuJit,Default,X64,8c5e7fda-e8bf-4a96-9a85-a6e23a8c635c,.NET 10.0,False,True,False,True,Default,Default,False,False,False,Default,Default,Default,Default,Default,InProcessNoEmitToolchain,Default,1,3,Default,Default,Default,Default,Default,Default,Default,Default,1,1,75000,14.408 ms,15.2460 ms,0.8357 ms,14.099 ms,0.64,0.04,7192.09 KB,0.67
'Current — full N cold permutation + scan',Job-LRXUOV,False,Default,Default,Default,Default,Default,Default,111111111111,Empty,RyuJit,Default,X64,8c5e7fda-e8bf-4a96-9a85-a6e23a8c635c,.NET 10.0,False,True,False,True,Default,Default,False,False,False,Default,Default,Default,Default,Default,InProcessNoEmitToolchain,Default,1,3,Default,Default,Default,Default,Default,Default,Default,Default,1,1,100000,22.916 ms,9.3322 ms,0.5115 ms,22.744 ms,1.00,0.03,10755.33 KB,1.00
'Sort K — precompute K keys once (production-shaped)',Job-LRXUOV,False,Default,Default,Default,Default,Default,Default,111111111111,Empty,RyuJit,Default,X64,8c5e7fda-e8bf-4a96-9a85-a6e23a8c635c,.NET 10.0,False,True,False,True,Default,Default,False,False,False,Default,Default,Default,Default,Default,InProcessNoEmitToolchain,Default,1,3,Default,Default,Default,Default,Default,Default,Default,Default,1,1,100000,19.579 ms,37.2038 ms,2.0393 ms,18.427 ms,0.85,0.08,9587.91 KB,0.89
